,ds,y,yhat1,yhat2,yhat3,yhat4,yhat5,yhat6,yhat7,yhat8,yhat9,yhat10,yhat11,yhat12,yhat13,yhat14,yhat15,yhat16,yhat17,yhat18,yhat19,yhat20,yhat21,yhat22,yhat23,yhat24,yhat25,yhat26,yhat27,yhat28,yhat29,yhat30,ar1,ar2,ar3,ar4,ar5,ar6,ar7,ar8,ar9,ar10,ar11,ar12,ar13,ar14,ar15,ar16,ar17,ar18,ar19,ar20,ar21,ar22,ar23,ar24,ar25,ar26,ar27,ar28,ar29,ar30,trend,season_yearly
0,2023-04-07,3327.6457,,,,,,,,,,,,,,,,,,,,,,,,,,,,,,,,,,,,,,,,,,,,,,,,,,,,,,,,,,,,,,
1,2023-04-08,3323.5497333333333,,,,,,,,,,,,,,,,,,,,,,,,,,,,,,,,,,,,,,,,,,,,,,,,,,,,,,,,,,,,,,
2,2023-04-09,3319.453766666667,,,,,,,,,,,,,,,,,,,,,,,,,,,,,,,,,,,,,,,,,,,,,,,,,,,,,,,,,,,,,,
3,2023-04-10,3315.3578,,,,,,,,,,,,,,,,,,,,,,,,,,,,,,,,,,,,,,,,,,,,,,,,,,,,,,,,,,,,,,
4,2023-04-11,3313.5705,,,,,,,,,,,,,,,,,,,,,,,,,,,,,,,,,,,,,,,,,,,,,,,,,,,,,,,,,,,,,,
5,2023-04-12,3327.1816,,,,,,,,,,,,,,,,,,,,,,,,,,,,,,,,,,,,,,,,,,,,,,,,,,,,,,,,,,,,,,
6,2023-04-13,3318.3638,,,,,,,,,,,,,,,,,,,,,,,,,,,,,,,,,,,,,,,,,,,,,,,,,,,,,,,,,,,,,,
7,2023-04-14,3338.1525,,,,,,,,,,,,,,,,,,,,,,,,,,,,,,,,,,,,,,,,,,,,,,,,,,,,,,,,,,,,,,
8,2023-04-15,3353.9715,,,,,,,,,,,,,,,,,,,,,,,,,,,,,,,,,,,,,,,,,,,,,,,,,,,,,,,,,,,,,,
9,2023-04-16,3369.7905,,,,,,,,,,,,,,,,,,,,,,,,,,,,,,,,,,,,,,,,,,,,,,,,,,,,,,,,,,,,,,
10,2023-04-17,3385.6095,,,,,,,,,,,,,,,,,,,,,,,,,,,,,,,,,,,,,,,,,,,,,,,,,,,,,,,,,,,,,,
11,2023-04-18,3393.3312,,,,,,,,,,,,,,,,,,,,,,,,,,,,,,,,,,,,,,,,,,,,,,,,,,,,,,,,,,,,,,
12,2023-04-19,3370.1283,,,,,,,,,,,,,,,,,,,,,,,,,,,,,,,,,,,,,,,,,,,,,,,,,,,,,,,,,,,,,,
13,2023-04-20,3367.031,,,,,,,,,,,,,,,,,,,,,,,,,,,,,,,,,,,,,,,,,,,,,,,,,,,,,,,,,,,,,,
14,2023-04-21,3301.2575,,,,,,,,,,,,,,,,,,,,,,,,,,,,,,,,,,,,,,,,,,,,,,,,,,,,,,,,,,,,,,
15,2023-04-22,3292.6426666666666,,,,,,,,,,,,,,,,,,,,,,,,,,,,,,,,,,,,,,,,,,,,,,,,,,,,,,,,,,,,,,
16,2023-04-23,3284.0278333333335,,,,,,,,,,,,,,,,,,,,,,,,,,,,,,,,,,,,,,,,,,,,,,,,,,,,,,,,,,,,,,
17,2023-04-24,3275.413,,,,,,,,,,,,,,,,,,,,,,,,,,,,,,,,,,,,,,,,,,,,,,,,,,,,,,,,,,,,,,
18,2023-04-25,3264.8717,,,,,,,,,,,,,,,,,,,,,,,,,,,,,,,,,,,,,,,,,,,,,,,,,,,,,,,,,,,,,,
19,2023-04-26,3264.1006,,,,,,,,,,,,,,,,,,,,,,,,,,,,,,,,,,,,,,,,,,,,,,,,,,,,,,,,,,,,,,
20,2023-04-27,3285.8844,,,,,,,,,,,,,,,,,,,,,,,,,,,,,,,,,,,,,,,,,,,,,,,,,,,,,,,,,,,,,,
21,2023-04-28,3323.2746,,,,,,,,,,,,,,,,,,,,,,,,,,,,,,,,,,,,,,,,,,,,,,,,,,,,,,,,,,,,,,
22,2023-04-29,3327.8052833333336,,,,,,,,,,,,,,,,,,,,,,,,,,,,,,,,,,,,,,,,,,,,,,,,,,,,,,,,,,,,,,
23,2023-04-30,3332.335966666667,,,,,,,,,,,,,,,,,,,,,,,,,,,,,,,,,,,,,,,,,,,,,,,,,,,,,,,,,,,,,,
24,2023-05-01,3336.86665,,,,,,,,,,,,,,,,,,,,,,,,,,,,,,,,,,,,,,,,,,,,,,,,,,,,,,,,,,,,,,
25,2023-05-02,3341.3973333333333,,,,,,,,,,,,,,,,,,,,,,,,,,,,,,,,,,,,,,,,,,,,,,,,,,,,,,,,,,,,,,
26,2023-05-03,3345.9280166666667,,,,,,,,,,,,,,,,,,,,,,,,,,,,,,,,,,,,,,,,,,,,,,,,,,,,,,,,,,,,,,
27,2023-05-04,3350.4587,,,,,,,,,,,,,,,,,,,,,,,,,,,,,,,,,,,,,,,,,,,,,,,,,,,,,,,,,,,,,,
28,2023-05-05,3334.5028,,,,,,,,,,,,,,,,,,,,,,,,,,,,,,,,,,,,,,,,,,,,,,,,,,,,,,,,,,,,,,
29,2023-05-06,3354.6697333333336,,,,,,,,,,,,,,,,,,,,,,,,,,,,,,,,,,,,,,,,,,,,,,,,,,,,,,,,,,,,,,
30,2023-05-07,3374.8366666666666,,,,,,,,,,,,,,,,,,,,,,,,,,,,,,,,,,,,,,,,,,,,,,,,,,,,,,,,,,,,,,
31,2023-05-08,3395.0036,,,,,,,,,,,,,,,,,,,,,,,,,,,,,,,,,,,,,,,,,,,,,,,,,,,,,,,,,,,,,,
32,2023-05-09,3357.6707,,,,,,,,,,,,,,,,,,,,,,,,,,,,,,,,,,,,,,,,,,,,,,,,,,,,,,,,,,,,,,
33,2023-05-10,3319.1506,,,,,,,,,,,,,,,,,,,,,,,,,,,,,,,,,,,,,,,,,,,,,,,,,,,,,,,,,,,,,,
34,2023-05-11,3309.5512,,,,,,,,,,,,,,,,,,,,,,,,,,,,,,,,,,,,,,,,,,,,,,,,,,,,,,,,,,,,,,
35,2023-05-12,3272.3619,,,,,,,,,,,,,,,,,,,,,,,,,,,,,,,,,,,,,,,,,,,,,,,,,,,,,,,,,,,,,,
36,2023-05-13,3285.1535,,,,,,,,,,,,,,,,,,,,,,,,,,,,,,,,,,,,,,,,,,,,,,,,,,,,,,,,,,,,,,
37,2023-05-14,3297.9451,,,,,,,,,,,,,,,,,,,,,,,,,,,,,,,,,,,,,,,,,,,,,,,,,,,,,,,,,,,,,,
38,2023-05-15,3310.7367,,,,,,,,,,,,,,,,,,,,,,,,,,,,,,,,,,,,,,,,,,,,,,,,,,,,,,,,,,,,,,
39,2023-05-16,3290.9874,,,,,,,,,,,,,,,,,,,,,,,,,,,,,,,,,,,,,,,,,,,,,,,,,,,,,,,,,,,,,,
40,2023-05-17,3284.232,,,,,,,,,,,,,,,,,,,,,,,,,,,,,,,,,,,,,,,,,,,,,,,,,,,,,,,,,,,,,,
41,2023-05-18,3297.3199,,,,,,,,,,,,,,,,,,,,,,,,,,,,,,,,,,,,,,,,,,,,,,,,,,,,,,,,,,,,,,
42,2023-05-19,3283.5417,,,,,,,,,,,,,,,,,,,,,,,,,,,,,,,,,,,,,,,,,,,,,,,,,,,,,,,,,,,,,,
43,2023-05-20,3287.851,,,,,,,,,,,,,,,,,,,,,,,,,,,,,,,,,,,,,,,,,,,,,,,,,,,,,,,,,,,,,,
44,2023-05-21,3292.1603,,,,,,,,,,,,,,,,,,,,,,,,,,,,,,,,,,,,,,,,,,,,,,,,,,,,,,,,,,,,,,
45,2023-05-22,3296.4696,,,,,,,,,,,,,,,,,,,,,,,,,,,,,,,,,,,,,,,,,,,,,,,,,,,,,,,,,,,,,,
46,2023-05-23,3246.238,,,,,,,,,,,,,,,,,,,,,,,,,,,,,,,,,,,,,,,,,,,,,,,,,,,,,,,,,,,,,,
47,2023-05-24,3204.7494,,,,,,,,,,,,,,,,,,,,,,,,,,,,,,,,,,,,,,,,,,,,,,,,,,,,,,,,,,,,,,
48,2023-05-25,3201.2605,,,,,,,,,,,,,,,,,,,,,,,,,,,,,,,,,,,,,,,,,,,,,,,,,,,,,,,,,,,,,,
49,2023-05-26,3212.5038,,,,,,,,,,,,,,,,,,,,,,,,,,,,,,,,,,,,,,,,,,,,,,,,,,,,,,,,,,,,,,
50,2023-05-27,3215.4853333333335,,,,,,,,,,,,,,,,,,,,,,,,,,,,,,,,,,,,,,,,,,,,,,,,,,,,,,,,,,,,,,
51,2023-05-28,3218.4668666666666,,,,,,,,,,,,,,,,,,,,,,,,,,,,,,,,,,,,,,,,,,,,,,,,,,,,,,,,,,,,,,
52,2023-05-29,3221.4484,,,,,,,,,,,,,,,,,,,,,,,,,,,,,,,,,,,,,,,,,,,,,,,,,,,,,,,,,,,,,,
53,2023-05-30,3224.2133,,,,,,,,,,,,,,,,,,,,,,,,,,,,,,,,,,,,,,,,,,,,,,,,,,,,,,,,,,,,,,
54,2023-05-31,3204.5644,,,,,,,,,,,,,,,,,,,,,,,,,,,,,,,,,,,,,,,,,,,,,,,,,,,,,,,,,,,,,,
55,2023-06-01,3204.6345,,,,,,,,,,,,,,,,,,,,,,,,,,,,,,,,,,,,,,,,,,,,,,,,,,,,,,,,,,,,,,
56,2023-06-02,3230.0686,,,,,,,,,,,,,,,,,,,,,,,,,,,,,,,,,,,,,,,,,,,,,,,,,,,,,,,,,,,,,,
57,2023-06-03,3230.8594,,,,,,,,,,,,,,,,,,,,,,,,,,,,,,,,,,,,,,,,,,,,,,,,,,,,,,,,,,,,,,
58,2023-06-04,3231.6502,,,,,,,,,,,,,,,,,,,,,,,,,,,,,,,,,,,,,,,,,,,,,,,,,,,,,,,,,,,,,,
59,2023-06-05,3232.441,,,,,,,,,,,,,,,,,,,,,,,,,,,,,,,,,,,,,,,,,,,,,,,,,,,,,,,,,,,,,,
60,2023-06-06,3195.3404,,,,,,,,,,,,,,,,,,,,,,,,,,,,,,,,,,,,,,,,,,,,,,,,,,,,,,,,,,,,,,
61,2023-06-07,3197.7587,,,,,,,,,,,,,,,,,,,,,,,,,,,,,,,,,,,,,,,,,,,,,,,,,,,,,,,,,,,,,,
62,2023-06-08,3213.5855,,,,,,,,,,,,,,,,,,,,,,,,,,,,,,,,,,,,,,,,,,,,,,,,,,,,,,,,,,,,,,
63,2023-06-09,3231.4055,,,,,,,,,,,,,,,,,,,,,,,,,,,,,,,,,,,,,,,,,,,,,,,,,,,,,,,,,,,,,,
64,2023-06-10,3230.5481999999997,,,,,,,,,,,,,,,,,,,,,,,,,,,,,,,,,,,,,,,,,,,,,,,,,,,,,,,,,,,,,,
65,2023-06-11,3229.6909,,,,,,,,,,,,,,,,,,,,,,,,,,,,,,,,,,,,,,,,,,,,,,,,,,,,,,,,,,,,,,
66,2023-06-12,3228.8336,,,,,,,,,,,,,,,,,,,,,,,,,,,,,,,,,,,,,,,,,,,,,,,,,,,,,,,,,,,,,,
67,2023-06-13,3233.6734,,,,,,,,,,,,,,,,,,,,,,,,,,,,,,,,,,,,,,,,,,,,,,,,,,,,,,,,,,,,,,
68,2023-06-14,3228.9887,,,,,,,,,,,,,,,,,,,,,,,,,,,,,,,,,,,,,,,,,,,,,,,,,,,,,,,,,,,,,,
69,2023-06-15,3252.9751,,,,,,,,,,,,,,,,,,,,,,,,,,,,,,,,,,,,,,,,,,,,,,,,,,,,,,,,,,,,,,
70,2023-06-16,3273.3341,,,,,,,,,,,,,,,,,,,,,,,,,,,,,,,,,,,,,,,,,,,,,,,,,,,,,,,,,,,,,,
71,2023-06-17,3267.4913,,,,,,,,,,,,,,,,,,,,,,,,,,,,,,,,,,,,,,,,,,,,,,,,,,,,,,,,,,,,,,
72,2023-06-18,3261.6485,,,,,,,,,,,,,,,,,,,,,,,,,,,,,,,,,,,,,,,,,,,,,,,,,,,,,,,,,,,,,,
73,2023-06-19,3255.8057,,,,,,,,,,,,,,,,,,,,,,,,,,,,,,,,,,,,,,,,,,,,,,,,,,,,,,,,,,,,,,
74,2023-06-20,3240.3648,,,,,,,,,,,,,,,,,,,,,,,,,,,,,,,,,,,,,,,,,,,,,,,,,,,,,,,,,,,,,,
75,2023-06-21,3197.9011,,,,,,,,,,,,,,,,,,,,,,,,,,,,,,,,,,,,,,,,,,,,,,,,,,,,,,,,,,,,,,
76,2023-06-22,3188.44466,,,,,,,,,,,,,,,,,,,,,,,,,,,,,,,,,,,,,,,,,,,,,,,,,,,,,,,,,,,,,,
77,2023-06-23,3178.98822,,,,,,,,,,,,,,,,,,,,,,,,,,,,,,,,,,,,,,,,,,,,,,,,,,,,,,,,,,,,,,
78,2023-06-24,3169.53178,,,,,,,,,,,,,,,,,,,,,,,,,,,,,,,,,,,,,,,,,,,,,,,,,,,,,,,,,,,,,,
79,2023-06-25,3160.07534,,,,,,,,,,,,,,,,,,,,,,,,,,,,,,,,,,,,,,,,,,,,,,,,,,,,,,,,,,,,,,
80,2023-06-26,3150.6189,,,,,,,,,,,,,,,,,,,,,,,,,,,,,,,,,,,,,,,,,,,,,,,,,,,,,,,,,,,,,,
81,2023-06-27,3189.4427,,,,,,,,,,,,,,,,,,,,,,,,,,,,,,,,,,,,,,,,,,,,,,,,,,,,,,,,,,,,,,
82,2023-06-28,3189.3758,,,,,,,,,,,,,,,,,,,,,,,,,,,,,,,,,,,,,,,,,,,,,,,,,,,,,,,,,,,,,,
83,2023-06-29,3182.3812,,,,,,,,,,,,,,,,,,,,,,,,,,,,,,,,,,,,,,,,,,,,,,,,,,,,,,,,,,,,,,
84,2023-06-30,3202.0623,,,,,,,,,,,,,,,,,,,,,,,,,,,,,,,,,,,,,,,,,,,,,,,,,,,,,,,,,,,,,,
85,2023-07-01,3216.0332,,,,,,,,,,,,,,,,,,,,,,,,,,,,,,,,,,,,,,,,,,,,,,,,,,,,,,,,,,,,,,
86,2023-07-02,3230.0041,,,,,,,,,,,,,,,,,,,,,,,,,,,,,,,,,,,,,,,,,,,,,,,,,,,,,,,,,,,,,,
87,2023-07-03,3243.975,,,,,,,,,,,,,,,,,,,,,,,,,,,,,,,,,,,,,,,,,,,,,,,,,,,,,,,,,,,,,,
88,2023-07-04,3245.3492,,,,,,,,,,,,,,,,,,,,,,,,,,,,,,,,,,,,,,,,,,,,,,,,,,,,,,,,,,,,,,
89,2023-07-05,3222.9469,,,,,,,,,,,,,,,,,,,,,,,,,,,,,,,,,,,,,,,,,,,,,,,,,,,,,,,,,,,,,,
90,2023-07-06,3205.5748,,,,,,,,,,,,,,,,,,,,,,,,,,,,,,,,,,,,,,,,,,,,,,,,,,,,,,,,,,,,,,
91,2023-07-07,3196.6092,,,,,,,,,,,,,,,,,,,,,,,,,,,,,,,,,,,,,,,,,,,,,,,,,,,,,,,,,,,,,,
92,2023-07-08,3198.9714,,,,,,,,,,,,,,,,,,,,,,,,,,,,,,,,,,,,,,,,,,,,,,,,,,,,,,,,,,,,,,
93,2023-07-09,3201.3336,,,,,,,,,,,,,,,,,,,,,,,,,,,,,,,,,,,,,,,,,,,,,,,,,,,,,,,,,,,,,,
94,2023-07-10,3203.6958,,,,,,,,,,,,,,,,,,,,,,,,,,,,,,,,,,,,,,,,,,,,,,,,,,,,,,,,,,,,,,
95,2023-07-11,3221.3666,,,,,,,,,,,,,,,,,,,,,,,,,,,,,,,,,,,,,,,,,,,,,,,,,,,,,,,,,,,,,,
96,2023-07-12,3196.1337,,,,,,,,,,,,,,,,,,,,,,,,,,,,,,,,,,,,,,,,,,,,,,,,,,,,,,,,,,,,,,
97,2023-07-13,3236.48,,,,,,,,,,,,,,,,,,,,,,,,,,,,,,,,,,,,,,,,,,,,,,,,,,,,,,,,,,,,,,
98,2023-07-14,3237.7012,,,,,,,,,,,,,,,,,,,,,,,,,,,,,,,,,,,,,,,,,,,,,,,,,,,,,,,,,,,,,,
99,2023-07-15,3228.3440666666665,,,,,,,,,,,,,,,,,,,,,,,,,,,,,,,,,,,,,,,,,,,,,,,,,,,,,,,,,,,,,,
100,2023-07-16,3218.9869333333336,,,,,,,,,,,,,,,,,,,,,,,,,,,,,,,,,,,,,,,,,,,,,,,,,,,,,,,,,,,,,,
101,2023-07-17,3209.6298,,,,,,,,,,,,,,,,,,,,,,,,,,,,,,,,,,,,,,,,,,,,,,,,,,,,,,,,,,,,,,
102,2023-07-18,3197.8201,,,,,,,,,,,,,,,,,,,,,,,,,,,,,,,,,,,,,,,,,,,,,,,,,,,,,,,,,,,,,,
103,2023-07-19,3198.8358,,,,,,,,,,,,,,,,,,,,,,,,,,,,,,,,,,,,,,,,,,,,,,,,,,,,,,,,,,,,,,
104,2023-07-20,3169.522,,,,,,,,,,,,,,,,,,,,,,,,,,,,,,,,,,,,,,,,,,,,,,,,,,,,,,,,,,,,,,
105,2023-07-21,3167.7452,,,,,,,,,,,,,,,,,,,,,,,,,,,,,,,,,,,,,,,,,,,,,,,,,,,,,,,,,,,,,,
106,2023-07-22,3166.5504,,,,,,,,,,,,,,,,,,,,,,,,,,,,,,,,,,,,,,,,,,,,,,,,,,,,,,,,,,,,,,
107,2023-07-23,3165.3556,,,,,,,,,,,,,,,,,,,,,,,,,,,,,,,,,,,,,,,,,,,,,,,,,,,,,,,,,,,,,,
108,2023-07-24,3164.1608,,,,,,,,,,,,,,,,,,,,,,,,,,,,,,,,,,,,,,,,,,,,,,,,,,,,,,,,,,,,,,
109,2023-07-25,3231.5213,,,,,,,,,,,,,,,,,,,,,,,,,,,,,,,,,,,,,,,,,,,,,,,,,,,,,,,,,,,,,,
110,2023-07-26,3223.0279,,,,,,,,,,,,,,,,,,,,,,,,,,,,,,,,,,,,,,,,,,,,,,,,,,,,,,,,,,,,,,
111,2023-07-27,3216.6709,,,,,,,,,,,,,,,,,,,,,,,,,,,,,,,,,,,,,,,,,,,,,,,,,,,,,,,,,,,,,,
112,2023-07-28,3275.9257,,,,,,,,,,,,,,,,,,,,,,,,,,,,,,,,,,,,,,,,,,,,,,,,,,,,,,,,,,,,,,
113,2023-07-29,3280.963733333333,,,,,,,,,,,,,,,,,,,,,,,,,,,,,,,,,,,,,,,,,,,,,,,,,,,,,,,,,,,,,,
114,2023-07-30,3286.0017666666668,,,,,,,,,,,,,,,,,,,,,,,,,,,,,,,,,,,,,,,,,,,,,,,,,,,,,,,,,,,,,,
115,2023-07-31,3291.0398,,,,,,,,,,,,,,,,,,,,,,,,,,,,,,,,,,,,,,,,,,,,,,,,,,,,,,,,,,,,,,
116,2023-08-01,3290.9493,,,,,,,,,,,,,,,,,,,,,,,,,,,,,,,,,,,,,,,,,,,,,,,,,,,,,,,,,,,,,,
117,2023-08-02,3261.6903,,,,,,,,,,,,,,,,,,,,,,,,,,,,,,,,,,,,,,,,,,,,,,,,,,,,,,,,,,,,,,
118,2023-08-03,3280.4626,,,,,,,,,,,,,,,,,,,,,,,,,,,,,,,,,,,,,,,,,,,,,,,,,,,,,,,,,,,,,,
119,2023-08-04,3288.0842,,,,,,,,,,,,,,,,,,,,,,,,,,,,,,,,,,,,,,,,,,,,,,,,,,,,,,,,,,,,,,
120,2023-08-05,3281.6665,3277.95751953125,,,,,,,,,,,,,,,,,,,,,,,,,,,,,,41.07593536376953,,,,,,,,,,,,,,,,,,,,,,,,,,,,,,3244.7958984375,-7.914609909057617
121,2023-08-06,3275.2488,3279.88134765625,3277.7451171875,,,,,,,,,,,,,,,,,,,,,,,,,,,,,43.37862014770508,41.24220275878906,,,,,,,,,,,,,,,,,,,,,,,,,,,,,3244.7041015625,-8.201566696166992
122,2023-08-07,3268.8311,3278.7626953125,3277.2841796875,3274.005615234375,,,,,,,,,,,,,,,,,,,,,,,,,,,,42.69452667236328,41.21613311767578,37.93764114379883,,,,,,,,,,,,,,,,,,,,,,,,,,,,3244.6123046875,-8.544398307800293
123,2023-08-08,3260.6196,3267.58447265625,3277.49365234375,3279.5625,3272.006103515625,,,,,,,,,,,,,,,,,,,,,,,,,,,32.01367950439453,41.922630310058594,43.991668701171875,36.43524169921875,,,,,,,,,,,,,,,,,,,,,,,,,,,3244.5205078125,-8.949772834777832
124,2023-08-09,3244.4867,3262.80908203125,3265.5361328125,3274.821044921875,3277.47314453125,3273.904296875,,,,,,,,,,,,,,,,,,,,,,,,,,27.803979873657227,30.53125,39.816001892089844,42.46797561645508,38.89919662475586,,,,,,,,,,,,,,,,,,,,,,,,,,3244.4287109375,-9.423813819885254
125,2023-08-10,3254.5597,3250.5986328125,3262.88818359375,3271.8466796875,3279.82373046875,3280.951171875,3279.26220703125,,,,,,,,,,,,,,,,,,,,,,,,,16.23343849182129,28.523347854614258,37.48188781738281,45.45854187011719,46.586273193359375,44.89725112915039,,,,,,,,,,,,,,,,,,,,,,,,,3244.3369140625,-9.97205924987793
126,2023-08-11,3189.248,3248.159423828125,3251.65966796875,3270.6318359375,3272.05712890625,3278.29248046875,3284.8623046875,3282.036865234375,,,,,,,,,,,,,,,,,,,,,,,,14.513459205627441,18.01369285583496,36.98594665527344,38.41102600097656,44.64651107788086,51.21654510498047,48.39094924926758,,,,,,,,,,,,,,,,,,,,,,,,3244.2451171875,-10.59937572479248
127,2023-08-12,3185.6410666666666,3208.12841796875,3262.83154296875,3254.466796875,3276.0478515625,3281.796875,3283.75537109375,3282.996826171875,3285.198486328125,,,,,,,,,,,,,,,,,,,,,,,-24.715316772460938,29.98785400390625,21.62310028076172,43.204376220703125,48.95340347290039,50.911842346191406,50.15316390991211,52.35491943359375,,,,,,,,,,,,,,,,,,,,,,,3244.153564453125,-11.309941291809082
128,2023-08-13,3182.0341333333336,3190.306884765625,3202.5400390625,3258.145263671875,3259.26611328125,3278.84765625,3281.51513671875,3291.12353515625,3299.037109375,3296.90869140625,,,,,,,,,,,,,,,,,,,,,,-41.64765930175781,-29.414546966552734,26.190706253051758,27.311431884765625,46.893192291259766,49.560752868652344,59.1690559387207,67.08255004882812,64.95408630371094,,,,,,,,,,,,,,,,,,,,,,3244.0615234375,-12.10716724395752
129,2023-08-14,3178.4272,3185.388916015625,3192.177001953125,3211.21826171875,3264.03076171875,3264.750732421875,3282.7529296875,3292.201171875,3292.99853515625,3296.123779296875,3298.521484375,,,,,,,,,,,,,,,,,,,,,-45.58740234375,-38.79920196533203,-19.757904052734375,33.054420471191406,33.774471282958984,51.77668380737305,61.22508239746094,62.02222442626953,65.14759063720703,67.54521942138672,,,,,,,,,,,,,,,,,,,,,3243.969970703125,-12.993690490722656
130,2023-08-15,3176.1758,3178.1201171875,3181.41064453125,3191.088623046875,3208.5185546875,3263.83935546875,3268.18359375,3279.221923828125,3287.88916015625,3295.30908203125,3293.148193359375,3296.67138671875,,,,,,,,,,,,,,,,,,,,-51.786617279052734,-48.496124267578125,-38.81801223754883,-21.388038635253906,33.932579040527344,38.276954650878906,49.315216064453125,57.98242950439453,65.40216064453125,63.24153137207031,66.7646713256836,,,,,,,,,,,,,,,,,,,,3243.8779296875,-13.971338272094727
131,2023-08-16,3150.1277,3170.4208984375,3173.64404296875,3175.530029296875,3182.537109375,3208.659423828125,3261.487548828125,3263.3359375,3276.357421875,3282.26611328125,3289.734619140625,3301.01416015625,3293.12890625,,,,,,,,,,,,,,,,,,,-58.324195861816406,-55.10112380981445,-53.21512222290039,-46.20795822143555,-20.085693359375,32.74236297607422,34.59062957763672,47.612117767333984,53.52108383178711,60.98945236206055,72.26885223388672,64.38368225097656,,,,,,,,,,,,,,,,,,,3243.7861328125,-15.041097640991211
132,2023-08-17,3163.7393,3149.66845703125,3169.5224609375,3174.326171875,3173.113037109375,3177.966796875,3199.48193359375,3260.7529296875,3262.69140625,3277.423583984375,3286.447998046875,3283.81298828125,3291.911376953125,3285.12939453125,,,,,,,,,,,,,,,,,,-77.82294464111328,-57.9691276550293,-53.16518020629883,-54.37846755981445,-49.524776458740234,-28.009296417236328,33.261390686035156,35.19981002807617,49.932220458984375,58.956546783447266,56.32150650024414,64.4199447631836,57.63794708251953,,,,,,,,,,,,,,,,,,3243.694580078125,-16.203113555908203
133,2023-08-18,3131.953,3152.149169921875,3138.341552734375,3158.9462890625,3163.71533203125,3161.42724609375,3172.66015625,3188.762451171875,3250.115234375,3249.9462890625,3266.279296875,3271.4248046875,3277.8642578125,3284.95947265625,3277.503662109375,,,,,,,,,,,,,,,,,-73.99700927734375,-87.80452728271484,-67.19972229003906,-62.43088150024414,-64.71885681152344,-53.48588562011719,-37.38370895385742,23.969032287597656,23.800161361694336,40.13330078125,45.278621673583984,51.71824645996094,58.81348419189453,51.35752487182617,,,,,,,,,,,,,,,,,3243.602783203125,-17.456687927246094
134,2023-08-19,3118.9612333333334,3128.69384765625,3144.196044921875,3128.306640625,3155.39111328125,3154.298828125,3158.49560546875,3167.607421875,3180.427734375,3244.34375,3238.54052734375,3261.2109375,3260.88232421875,3265.8779296875,3280.711181640625,3268.83203125,,,,,,,,,,,,,,,,-96.01670837402344,-80.51471710205078,-96.40420532226562,-69.31967163085938,-70.41179656982422,-66.21517181396484,-57.10349655151367,-44.28305435180664,19.632991790771484,13.829825401306152,36.50016403198242,36.171504974365234,41.16725158691406,56.000396728515625,44.121219635009766,,,,,,,,,,,,,,,,3243.510986328125,-18.800270080566406
135,2023-08-20,3105.9694666666664,3121.5107421875,3127.67041015625,3143.54931640625,3125.49853515625,3151.967041015625,3152.61474609375,3156.77197265625,3166.341064453125,3178.89990234375,3239.828369140625,3232.54736328125,3255.736328125,3257.141357421875,3261.5576171875,3269.33251953125,3266.60595703125,,,,,,,,,,,,,,,-101.67684936523438,-95.51718139648438,-79.63848876953125,-97.68928527832031,-71.22074127197266,-70.57293701171875,-66.41563415527344,-56.846614837646484,-44.287879943847656,16.64063835144043,9.359795570373535,32.54880142211914,33.95368576049805,38.369873046875,46.14487075805664,43.41847610473633,,,,,,,,,,,,,,,3243.419189453125,-20.231491088867188
136,2023-08-21,3092.9777,3103.447998046875,3114.787841796875,3123.89306640625,3132.6923828125,3126.1591796875,3138.402587890625,3146.67333984375,3150.87158203125,3157.84033203125,3183.485107421875,3228.2021484375,3226.521484375,3249.9560546875,3246.8583984375,3260.97509765625,3262.63525390625,3261.88037109375,,,,,,,,,,,,,,-118.13213348388672,-106.79228973388672,-97.687255859375,-88.8879165649414,-95.42076873779297,-83.17755889892578,-74.90690612792969,-70.70854187011719,-63.73978042602539,-38.09511184692383,6.6220855712890625,4.941141605377197,28.37598419189453,25.278261184692383,39.395042419433594,41.05497360229492,40.30022430419922,,,,,,,,,,,,,,3243.3271484375,-21.747142791748047
137,2023-08-22,3120.3338,3091.775390625,3101.9248046875,3112.97509765625,3130.566162109375,3137.5263671875,3127.162109375,3142.8896484375,3147.654296875,3143.4169921875,3155.2060546875,3177.556640625,3234.3818359375,3231.4609375,3253.794921875,3253.01025390625,3257.6240234375,3269.529296875,3264.49560546875,,,,,,,,,,,,,-128.11671447753906,-117.96739196777344,-106.9171371459961,-89.32614135742188,-82.36602783203125,-92.73014831542969,-77.00274658203125,-72.23799896240234,-76.4753646850586,-64.68606567382812,-42.335845947265625,14.489625930786133,11.568442344665527,33.902442932128906,33.117984771728516,37.73181915283203,49.63689041137695,44.60334777832031,,,,,,,,,,,,,3243.235595703125,-23.343265533447266
138,2023-08-23,3078.4021,3120.624267578125,3097.96630859375,3108.435791015625,3118.24169921875,3127.45458984375,3145.42138671875,3123.93603515625,3141.7373046875,3148.39111328125,3148.2958984375,3164.8525390625,3179.1064453125,3238.140625,3235.45947265625,3254.32763671875,3258.33154296875,3260.979248046875,3270.97021484375,3269.08837890625,,,,,,,,,,,,-97.50445556640625,-120.16218566894531,-109.69283294677734,-99.88706970214844,-90.67411804199219,-72.70716094970703,-94.192626953125,-76.39151763916016,-69.73755645751953,-69.83289337158203,-53.27616500854492,-39.022220611572266,20.01205825805664,17.330930709838867,36.1988525390625,40.20301818847656,42.85051727294922,52.841529846191406,50.95981216430664,,,,,,,,,,,,3243.143798828125,-25.015111923217773
139,2023-08-24,3082.2439,3085.987060546875,3121.94580078125,3103.263671875,3109.9423828125,3119.169189453125,3134.0498046875,3145.387451171875,3131.20703125,3151.82763671875,3150.95166015625,3147.98388671875,3160.568603515625,3178.77880859375,3237.0439453125,3236.7724609375,3257.811279296875,3258.1943359375,3257.5751953125,3274.35986328125,3266.0126953125,,,,,,,,,,,-130.30775451660156,-94.34905242919922,-113.03097534179688,-106.35255432128906,-97.12562561035156,-82.24484252929688,-70.90737915039062,-85.08792877197266,-64.46720886230469,-65.34307098388672,-68.3108901977539,-55.726261138916016,-37.51594543457031,20.74909019470215,20.477479934692383,41.51646423339844,41.899742126464844,41.28041076660156,58.06522750854492,49.71794891357422,,,,,,,,,,,3243.052001953125,-26.75726318359375
140,2023-08-25,3064.0747,3080.311279296875,3085.87841796875,3117.6220703125,3093.476318359375,3106.19921875,3111.3369140625,3128.02392578125,3140.58642578125,3123.32958984375,3147.0107421875,3154.103515625,3146.11669921875,3159.79833984375,3179.57861328125,3239.08251953125,3237.408203125,3251.3173828125,3261.6767578125,3253.260009765625,3272.17822265625,3265.498779296875,,,,,,,,,,-134.08529663085938,-128.5182342529297,-96.77449035644531,-120.92029571533203,-108.19722747802734,-103.05965423583984,-86.37255859375,-73.81025695800781,-91.06681823730469,-67.3858642578125,-60.29317092895508,-68.27984619140625,-54.59829330444336,-34.81776809692383,24.686086654663086,23.011577606201172,36.920589447021484,47.280235290527344,38.86341857910156,57.7817497253418,51.10224151611328,,,,,,,,,,3242.960205078125,-28.56361198425293
141,2023-08-26,3075.5952333333335,3069.208740234375,3078.26904296875,3083.848388671875,3125.7412109375,3101.3134765625,3102.19677734375,3116.73583984375,3125.119140625,3142.07958984375,3130.277587890625,3145.8427734375,3154.52880859375,3150.393310546875,3164.640380859375,3183.17919921875,3242.92431640625,3242.99755859375,3253.9619140625,3263.2275390625,3267.73681640625,3272.92919921875,3269.01220703125,,,,,,,,,-143.23211669921875,-134.17196655273438,-128.5924072265625,-86.69956970214844,-111.12761688232422,-110.24398803710938,-95.70499420166016,-87.32172393798828,-70.36141204833984,-82.16332244873047,-66.59809875488281,-57.911922454833984,-62.04759979248047,-47.80049514770508,-29.261531829833984,30.48336410522461,30.556711196899414,41.521053314208984,50.78685760498047,55.29592514038086,60.48841857910156,56.57133102416992,,,,,,,,,3242.8681640625,-30.427452087402344
142,2023-08-27,3087.115766666667,3074.077392578125,3068.32373046875,3082.03076171875,3088.748779296875,3128.21875,3112.5830078125,3113.163330078125,3124.29052734375,3132.592529296875,3139.77099609375,3129.24658203125,3154.85205078125,3159.142578125,3161.15087890625,3164.12255859375,3183.75,3243.3642578125,3240.38720703125,3258.826171875,3264.97802734375,3266.470703125,3273.0576171875,3271.5859375,,,,,,,,-136.35760498046875,-142.11154174804688,-128.40428161621094,-121.68633270263672,-82.21643829345703,-97.8520736694336,-97.271728515625,-86.14469146728516,-77.84258270263672,-70.66417694091797,-81.18840026855469,-55.582889556884766,-51.29240417480469,-49.284114837646484,-46.312564849853516,-26.684938430786133,32.92911911010742,29.952293395996094,48.39098358154297,54.542945861816406,56.035465240478516,62.622467041015625,61.150997161865234,,,,,,,,3242.776611328125,-32.341522216796875
143,2023-08-28,3098.6363,3082.21044921875,3073.6826171875,3069.02490234375,3080.369140625,3088.013671875,3126.998046875,3101.6201171875,3111.6787109375,3124.512939453125,3136.0654296875,3147.00732421875,3129.55712890625,3155.28369140625,3156.382568359375,3160.6630859375,3168.1142578125,3181.23681640625,3241.091796875,3238.52734375,3256.888671875,3258.9580078125,3268.5546875,3275.48291015625,3273.67138671875,,,,,,,-126.1761474609375,-134.70423889160156,-139.36175537109375,-128.01763916015625,-120.37318420410156,-81.38884735107422,-106.76675415039062,-96.7079086303711,-83.87371826171875,-72.32120513916016,-61.379337310791016,-78.82972717285156,-53.10308837890625,-52.00409698486328,-47.723628997802734,-40.27265167236328,-27.150028228759766,32.70523452758789,30.140377044677734,48.50180435180664,50.57133483886719,60.16801834106445,67.09622955322266,65.28480529785156,,,,,,,3242.684814453125,-34.29807662963867
144,2023-08-29,3135.8867,3099.50390625,3088.31591796875,3075.1357421875,3068.752685546875,3077.32763671875,3086.39892578125,3126.5380859375,3106.3515625,3107.28076171875,3126.145751953125,3130.871826171875,3143.53125,3129.02587890625,3148.546875,3154.61474609375,3162.600341796875,3162.9921875,3181.4677734375,3236.333984375,3231.8056640625,3254.56103515625,3257.9599609375,3262.98095703125,3270.370849609375,3267.19970703125,,,,,,-106.8000717163086,-117.98809814453125,-131.1685028076172,-137.5514678955078,-128.9763946533203,-119.90511322021484,-79.76610565185547,-99.95248413085938,-99.0232162475586,-80.15837097167969,-75.43231964111328,-62.77293395996094,-77.2784423828125,-57.757076263427734,-51.68939208984375,-43.70364761352539,-43.311763763427734,-24.836467742919922,30.029916763305664,25.501474380493164,48.25693130493164,51.6558723449707,56.67684555053711,64.06665802001953,60.89558792114258,,,,,,3242.593017578125,-36.28896713256836
145,2023-08-30,3137.1375,3120.916015625,3086.94384765625,3076.950927734375,3063.083984375,3064.886962890625,3070.012451171875,3083.003662109375,3117.48828125,3098.25732421875,3101.810302734375,3117.89501953125,3128.431640625,3140.0654296875,3127.99658203125,3148.82177734375,3145.1044921875,3156.55859375,3161.32666015625,3184.99365234375,3232.716796875,3238.640625,3248.015625,3255.0654296875,3258.634765625,3263.32373046875,3262.87255859375,,,,,-83.27953338623047,-117.25167083740234,-127.24471282958984,-141.11167907714844,-139.3086700439453,-134.1832275390625,-121.19198608398438,-86.7073974609375,-105.93822479248047,-102.38533020019531,-86.30050659179688,-75.7638931274414,-64.13036346435547,-76.19901275634766,-55.37386703491211,-59.091163635253906,-47.63710403442383,-42.8689079284668,-19.20213508605957,28.52130889892578,34.44511413574219,43.8200569152832,50.86988830566406,54.439056396484375,59.128196716308594,58.676963806152344,,,,,3242.50146484375,-38.3056755065918
146,2023-08-31,3119.8764,3135.253173828125,3125.552734375,3090.228515625,3083.17724609375,3065.85009765625,3068.0068359375,3081.209228515625,3085.60107421875,3127.48193359375,3095.39208984375,3107.328125,3116.16064453125,3128.598876953125,3133.5634765625,3118.543212890625,3140.8134765625,3147.3916015625,3150.449462890625,3156.6845703125,3179.9697265625,3230.892822265625,3230.755859375,3243.23388671875,3252.85546875,3256.4775390625,3256.941162109375,3260.74560546875,,,,-66.81681823730469,-76.51746368408203,-111.84150695800781,-118.89274597167969,-136.2198944091797,-134.063232421875,-120.86080169677734,-116.46916198730469,-74.58818054199219,-106.67793273925781,-94.74174499511719,-85.9095687866211,-73.47107696533203,-68.50647735595703,-83.52681732177734,-61.256656646728516,-54.678462982177734,-51.620513916015625,-45.385433197021484,-22.100360870361328,28.822832107543945,28.685810089111328,41.16401290893555,50.78538513183594,54.407470703125,54.87114334106445,58.67577362060547,,,,3242.409423828125,-40.33942794799805
147,2023-09-01,3133.2467,3130.19482421875,3144.23583984375,3133.93017578125,3091.04248046875,3077.673828125,3071.0283203125,3063.820068359375,3077.69189453125,3078.06591796875,3125.122802734375,3098.2734375,3107.370361328125,3115.276123046875,3128.30712890625,3139.927490234375,3127.5966796875,3140.213623046875,3147.1181640625,3149.371337890625,3154.794677734375,3174.101806640625,3222.7529296875,3227.345947265625,3240.38818359375,3244.89453125,3255.10546875,3262.50146484375,3255.37451171875,,,-69.74171447753906,-55.700584411621094,-66.00639343261719,-108.89374542236328,-122.26264190673828,-128.9082794189453,-136.11636352539062,-122.2444839477539,-121.87044525146484,-74.81371307373047,-101.66316986083984,-92.56607818603516,-84.66033935546875,-71.62934112548828,-60.0088996887207,-72.33992767333984,-59.72281265258789,-52.81814956665039,-50.56504821777344,-45.14178466796875,-25.83464241027832,22.816627502441406,27.4095458984375,40.45158004760742,44.958091735839844,55.16905975341797,62.565059661865234,55.437992095947266,,,3242.31787109375,-42.38123321533203
148,2023-09-02,3147.8512333333333,3135.390625,3130.53125,3139.646728515625,3130.9755859375,3096.50244140625,3075.68798828125,3067.3916015625,3069.720703125,3086.448486328125,3087.35791015625,3121.08154296875,3097.103515625,3106.1689453125,3123.80908203125,3130.1640625,3139.23046875,3122.225830078125,3149.361328125,3149.045654296875,3157.14501953125,3152.365234375,3180.82470703125,3225.9296875,3226.5048828125,3245.4677734375,3249.82470703125,3247.780517578125,3258.1982421875,3251.28857421875,,-62.413143157958984,-67.27259826660156,-58.15708541870117,-66.82825469970703,-101.30158233642578,-122.11602783203125,-130.4122772216797,-128.08326721191406,-111.35531616210938,-110.44603729248047,-76.72209930419922,-100.70039367675781,-91.63481903076172,-73.99465942382812,-67.63977813720703,-58.57322692871094,-75.57798767089844,-48.44253158569336,-48.7581787109375,-40.658817291259766,-45.438514709472656,-16.979114532470703,28.125755310058594,28.701019287109375,47.66391372680664,52.02096939086914,49.976585388183594,60.394264221191406,53.48455047607422,,3242.225830078125,-44.421993255615234
149,2023-09-03,3162.455766666667,3143.11328125,3128.8017578125,3125.357177734375,3140.205078125,3134.76123046875,3096.3681640625,3084.5224609375,3066.1083984375,3063.09033203125,3081.135498046875,3087.54541015625,3124.710205078125,3102.81787109375,3109.61962890625,3115.6748046875,3124.4365234375,3138.852294921875,3114.89208984375,3137.978515625,3141.3095703125,3152.289306640625,3152.296875,3175.97509765625,3223.11572265625,3222.3330078125,3239.12255859375,3240.561767578125,3248.6884765625,3258.466064453125,3251.255615234375,-52.56819152832031,-66.87968444824219,-70.32427978515625,-55.47658157348633,-60.92036437988281,-99.31346893310547,-111.15918731689453,-129.57333374023438,-132.59130859375,-114.54598236083984,-108.13630676269531,-70.97128295898438,-92.86371612548828,-86.06182861328125,-80.00669860839844,-71.24502563476562,-56.8292121887207,-80.78956604003906,-57.70317459106445,-54.37202835083008,-43.39215850830078,-43.38471221923828,-19.706287384033203,27.434228897094727,26.651519775390625,43.441097259521484,44.88026428222656,53.00697708129883,62.78450393676758,55.574012756347656,3242.134033203125,-46.45254898071289
150,2023-09-04,3177.0603,3161.58642578125,3137.1298828125,3136.65234375,3130.091552734375,3139.80029296875,3134.0771484375,3092.8310546875,3082.545654296875,3068.599853515625,3070.724365234375,3081.7451171875,3085.6748046875,3119.060546875,3098.36328125,3109.0703125,3117.745849609375,3125.80224609375,3129.6943359375,3120.1083984375,3138.45166015625,3142.52490234375,3144.160400390625,3151.43603515625,3172.2822265625,3219.685546875,3219.577392578125,3241.49365234375,3241.3349609375,3245.85888671875,3252.62744140625,-31.992170333862305,-56.44878005981445,-56.926353454589844,-63.487003326416016,-53.778160095214844,-59.501258850097656,-100.74732971191406,-111.0328598022461,-124.9786605834961,-122.85415649414062,-111.83341979980469,-107.90364837646484,-74.51781463623047,-95.21525573730469,-84.5082778930664,-75.83263397216797,-67.77644348144531,-63.88433074951172,-73.47006225585938,-55.126708984375,-51.053714752197266,-49.41817092895508,-42.14249801635742,-21.296180725097656,26.107032775878906,25.99886703491211,47.915103912353516,47.756553649902344,52.28043746948242,59.048946380615234,3242.04248046875,-48.46379089355469
151,2023-09-05,3154.3693,3166.635986328125,3166.435546875,3142.96142578125,3133.06884765625,3123.76611328125,3133.4140625,3123.74365234375,3089.22216796875,3076.775390625,3058.882080078125,3058.8349609375,3073.482421875,3082.896484375,3111.650146484375,3096.890625,3106.35498046875,3114.556640625,3134.059326171875,3130.6669921875,3115.4345703125,3133.33984375,3139.79541015625,3141.916015625,3147.326904296875,3162.7890625,3212.843017578125,3214.2119140625,3233.41650390625,3238.02294921875,3242.5537109375,-24.867813110351562,-25.06844711303711,-48.54231262207031,-58.43503952026367,-67.73763275146484,-58.089683532714844,-67.76025390625,-102.28187561035156,-114.7286605834961,-132.621826171875,-132.66905212402344,-118.02143096923828,-108.6075210571289,-79.85371398925781,-94.61308288574219,-85.14904022216797,-76.94700622558594,-57.444580078125,-60.83697509765625,-76.06935119628906,-58.16389465332031,-51.708595275878906,-49.587703704833984,-44.176963806152344,-28.714881896972656,21.339147567749023,22.707834243774414,41.912452697753906,46.519168853759766,51.04970932006836,3241.95068359375,-50.44670486450195
152,2023-09-06,3158.0769,3152.140380859375,3163.9345703125,3141.333984375,3125.26220703125,3120.519775390625,3115.8662109375,3128.4287109375,3115.7158203125,3077.1953125,3072.008544921875,3061.873046875,3057.982421875,3075.842529296875,3083.3134765625,3119.951171875,3096.212158203125,3100.4677734375,3109.493408203125,3119.6171875,3123.7998046875,3111.56884765625,3128.09521484375,3130.669677734375,3133.9306640625,3147.213623046875,3166.56201171875,3205.57470703125,3209.78173828125,3224.2509765625,3236.47509765625,-37.325870513916016,-25.53169822692871,-48.132511138916016,-64.20397186279297,-68.94645690917969,-73.60002899169922,-61.0374870300293,-73.75030517578125,-112.27092742919922,-117.45780944824219,-127.59318542480469,-131.4838409423828,-113.62371063232422,-106.15264892578125,-69.51522064208984,-93.25413513183594,-88.99836730957031,-79.97285461425781,-69.84910583496094,-65.6663818359375,-77.89724731445312,-61.37106704711914,-58.796573638916016,-55.53557205200195,-42.25270462036133,-22.904125213623047,16.108341217041016,20.31561851501465,34.78477478027344,47.00873565673828,3241.85888671875,-52.392433166503906
153,2023-09-07,3122.3523,3156.14501953125,3147.328857421875,3168.3466796875,3151.727783203125,3128.60498046875,3124.199462890625,3122.17138671875,3139.006103515625,3129.822265625,3087.00439453125,3075.330810546875,3064.23193359375,3056.40673828125,3080.76220703125,3073.616455078125,3117.903076171875,3101.622314453125,3094.0458984375,3115.15380859375,3125.07666015625,3134.967041015625,3113.9873046875,3133.811279296875,3135.19873046875,3141.7119140625,3144.88037109375,3170.184326171875,3210.54931640625,3215.3427734375,3227.712890625,-31.329376220703125,-40.14552307128906,-19.127717971801758,-35.746578216552734,-58.869483947753906,-63.274967193603516,-65.30318450927734,-48.468414306640625,-57.65218734741211,-100.47000122070312,-112.14363861083984,-123.24258422851562,-131.06776428222656,-106.71215057373047,-113.85799407958984,-69.57136535644531,-85.85214233398438,-93.42860412597656,-72.32069396972656,-62.39779281616211,-52.507408142089844,-73.48707580566406,-53.66316604614258,-52.2757682800293,-45.76251983642578,-42.59404373168945,-17.29005241394043,23.07491111755371,27.868349075317383,40.23838424682617,3241.766845703125,-54.292423248291016
154,2023-09-08,3116.7191,3134.892578125,3166.037109375,3158.916748046875,3170.37744140625,3159.21630859375,3139.03759765625,3133.705078125,3120.490478515625,3138.515625,3123.76416015625,3090.95361328125,3077.896484375,3065.87109375,3058.270751953125,3088.13916015625,3081.17041015625,3117.94384765625,3099.8271484375,3103.90625,3117.542724609375,3115.21728515625,3131.5576171875,3115.2822265625,3131.5986328125,3133.9794921875,3140.277099609375,3151.2919921875,3168.4541015625,3215.96142578125,3217.58837890625,-50.644020080566406,-19.499414443969727,-26.62000274658203,-15.159380912780762,-26.320510864257812,-46.49898910522461,-51.83154296875,-65.04627990722656,-47.02104568481445,-61.772647857666016,-94.58299255371094,-107.6402816772461,-119.66565704345703,-127.26605987548828,-97.39742279052734,-104.3664321899414,-67.5929946899414,-85.70965576171875,-81.63040161132812,-67.99395751953125,-70.31941986083984,-53.979156494140625,-70.25469207763672,-53.9382438659668,-51.55740737915039,-45.25960159301758,-34.24481964111328,-17.082548141479492,30.424585342407227,32.05146789550781,3241.675048828125,-56.13835525512695
155,2023-09-09,3125.405733333333,3121.175537109375,3134.0634765625,3160.20458984375,3159.62890625,3170.77099609375,3160.42578125,3132.83935546875,3134.817138671875,3121.8779296875,3136.94287109375,3123.983154296875,3086.37353515625,3073.519775390625,3063.9560546875,3056.833251953125,3091.71337890625,3083.440673828125,3129.732421875,3102.2890625,3102.07763671875,3115.99462890625,3126.51318359375,3126.595458984375,3119.021484375,3130.53955078125,3133.591552734375,3127.595703125,3141.03369140625,3163.96630859375,3210.51123046875,-62.485443115234375,-49.59755325317383,-23.456377029418945,-24.032203674316406,-12.889822959899902,-23.235227584838867,-50.82156753540039,-48.84375762939453,-61.783111572265625,-46.718177795410156,-59.67786407470703,-97.28754425048828,-110.14119720458984,-119.70474243164062,-126.82769012451172,-91.9474868774414,-100.22023010253906,-53.928565979003906,-81.37190246582031,-81.5831298828125,-67.6664810180664,-57.147911071777344,-57.06550979614258,-64.63953399658203,-53.12150573730469,-50.06943893432617,-56.065372467041016,-42.627349853515625,-19.694530487060547,26.85016632080078,3241.58349609375,-57.92237854003906
156,2023-09-10,3134.0923666666667,3123.21044921875,3115.606201171875,3129.4208984375,3159.54443359375,3162.7314453125,3163.576416015625,3158.361083984375,3136.086669921875,3129.57470703125,3128.66015625,3139.45068359375,3121.125,3087.79736328125,3075.5078125,3059.56103515625,3057.02392578125,3080.28662109375,3080.826416015625,3119.154296875,3095.724609375,3107.65234375,3109.025146484375,3131.16259765625,3124.806640625,3112.498779296875,3127.59375,3130.830078125,3136.343505859375,3138.609375,3158.526123046875,-58.644100189208984,-66.24836730957031,-52.43376922607422,-22.3100643157959,-19.123329162597656,-18.27821922302246,-23.493432998657227,-45.76799011230469,-52.279945373535156,-53.19437026977539,-42.40385818481445,-60.729705810546875,-94.05732727050781,-106.34680938720703,-122.29376220703125,-124.83062744140625,-101.56783294677734,-101.02816009521484,-62.70027160644531,-86.12981414794922,-74.202392578125,-72.82945251464844,-50.69206237792969,-57.04792022705078,-69.35580444335938,-54.260963439941406,-51.024635314941406,-45.51107406616211,-43.24513626098633,-23.328401565551758,3241.49169921875,-59.63701248168945
157,2023-09-11,3142.779,3130.608154296875,3119.44970703125,3124.1904296875,3136.12353515625,3165.732177734375,3155.01806640625,3168.3837890625,3155.08984375,3132.12451171875,3129.025390625,3120.962646484375,3145.4794921875,3125.0927734375,3089.497314453125,3079.49365234375,3054.24560546875,3059.66455078125,3074.44140625,3082.4296875,3124.33203125,3101.64404296875,3108.803466796875,3108.36962890625,3119.5498046875,3122.859375,3114.9619140625,3134.736328125,3127.625244140625,3133.22802734375,3144.083251953125,-49.516414642333984,-60.67470169067383,-55.93427276611328,-44.00110626220703,-14.392324447631836,-25.1064453125,-11.740645408630371,-25.034557342529297,-47.999969482421875,-51.09914779663086,-59.161922454833984,-34.64521026611328,-55.031558990478516,-90.62724304199219,-100.63079833984375,-125.87881469726562,-120.46014404296875,-105.68299102783203,-97.69489288330078,-55.79256057739258,-78.48052215576172,-71.32099914550781,-71.75505065917969,-60.57472610473633,-57.265201568603516,-65.16275024414062,-45.388179779052734,-52.49930191040039,-46.89644241333008,-36.041290283203125,3241.39990234375,-61.2752685546875
158,2023-09-12,3137.0593,3135.7060546875,3131.11865234375,3119.82568359375,3117.429443359375,3122.1708984375,3166.9326171875,3149.0146484375,3162.72705078125,3155.9765625,3129.36279296875,3126.58935546875,3117.9453125,3137.996826171875,3118.70166015625,3084.974609375,3074.53955078125,3056.20068359375,3064.0419921875,3075.98095703125,3083.786376953125,3113.47412109375,3093.329833984375,3101.337646484375,3109.91748046875,3121.445068359375,3120.862548828125,3106.61767578125,3124.144775390625,3136.495849609375,3129.82470703125,-42.77107238769531,-47.358543395996094,-58.65166473388672,-61.047725677490234,-56.3062744140625,-11.544820785522461,-29.462507247924805,-15.750131607055664,-22.500736236572266,-49.11454772949219,-51.88772964477539,-60.53194046020508,-40.48047637939453,-59.77574157714844,-93.50247955322266,-103.93766021728516,-122.27639770507812,-114.43531036376953,-102.49610137939453,-94.69091796875,-65.00325775146484,-85.14738464355469,-77.13958740234375,-68.55973815917969,-57.032161712646484,-57.61470031738281,-71.85953521728516,-54.332454681396484,-41.9813346862793,-48.65258026123047,3241.30810546875,-62.830753326416016
159,2023-09-13,3123.0669,3137.16455078125,3141.11962890625,3129.46240234375,3115.1640625,3116.764404296875,3126.170166015625,3160.755859375,3150.270751953125,3168.38720703125,3152.821044921875,3138.43408203125,3122.081298828125,3115.59326171875,3134.339599609375,3124.29345703125,3084.14306640625,3076.10302734375,3061.259765625,3063.741943359375,3074.72216796875,3086.750244140625,3120.00244140625,3098.14404296875,3113.31689453125,3116.82177734375,3122.29443359375,3119.53466796875,3114.9375,3121.63525390625,3132.81201171875,-39.75398635864258,-35.79883575439453,-47.4560432434082,-61.754302978515625,-60.15416717529297,-50.74832534790039,-16.16274070739746,-26.647663116455078,-8.531163215637207,-24.09756851196289,-38.48458480834961,-54.83723068237305,-61.325252532958984,-42.578956604003906,-52.624996185302734,-92.77533721923828,-100.81546020507812,-115.65877532958984,-113.17664337158203,-102.19647216796875,-90.16815948486328,-56.91595458984375,-78.77457427978516,-63.601646423339844,-60.09687805175781,-54.624210357666016,-57.3839111328125,-61.98095703125,-55.28337097167969,-44.106407165527344,3241.216064453125,-64.2975845336914
160,2023-09-14,3126.5511,3135.26611328125,3140.722900390625,3141.36767578125,3133.4658203125,3123.12646484375,3115.586181640625,3130.65673828125,3169.84765625,3156.1376953125,3169.347900390625,3154.229248046875,3141.3017578125,3125.21484375,3119.2373046875,3133.337890625,3127.9775390625,3093.5771484375,3077.9326171875,3065.073974609375,3070.318359375,3089.01708984375,3093.4716796875,3122.62646484375,3103.271728515625,3107.169189453125,3114.86572265625,3128.693359375,3126.455322265625,3111.4404296875,3134.60888671875,-40.18775939941406,-34.730857849121094,-34.08602523803711,-41.98812484741211,-52.327301025390625,-59.867530822753906,-44.796897888183594,-5.6059370040893555,-19.316038131713867,-6.1058573722839355,-21.224538803100586,-34.151920318603516,-50.23890686035156,-56.216426849365234,-42.115943908691406,-47.47614288330078,-81.87659454345703,-97.52127075195312,-110.37982940673828,-105.13526916503906,-86.43679809570312,-81.98189544677734,-52.827476501464844,-72.18206787109375,-68.28463745117188,-60.58810806274414,-46.760501861572266,-48.99843978881836,-64.01341247558594,-40.845027923583984,3241.12451171875,-65.67056274414062
161,2023-09-15,3117.7434,3122.630859375,3127.566650390625,3140.7900390625,3143.176513671875,3130.54833984375,3119.84130859375,3122.86474609375,3126.91162109375,3165.81103515625,3161.057373046875,3161.863037109375,3153.160400390625,3143.577392578125,3130.4560546875,3123.14013671875,3135.148681640625,3121.2578125,3084.311279296875,3079.50244140625,3065.357177734375,3056.78271484375,3082.7265625,3094.74169921875,3114.812255859375,3103.524658203125,3114.1669921875,3116.0849609375,3124.05126953125,3128.181640625,3111.0625,-51.45647430419922,-46.5208854675293,-33.29758834838867,-30.910972595214844,-43.539207458496094,-54.24609375,-51.22260284423828,-47.176063537597656,-8.276359558105469,-13.030149459838867,-12.224510192871094,-20.92704200744629,-30.510162353515625,-43.63140106201172,-50.94727325439453,-38.938926696777344,-52.82974624633789,-89.77623748779297,-94.58511352539062,-108.7303695678711,-117.30464172363281,-91.36103820800781,-79.3456802368164,-59.275291442871094,-70.56285095214844,-59.920433044433594,-58.002586364746094,-50.036373138427734,-45.90594482421875,-63.02516555786133,3241.03271484375,-66.94506072998047
162,2023-09-16,3120.4728999999998,3119.05810546875,3123.904296875,3121.085693359375,3135.88818359375,3141.8681640625,3136.709716796875,3117.60400390625,3115.038330078125,3126.1083984375,3154.69970703125,3158.62646484375,3167.787841796875,3149.25634765625,3138.54443359375,3127.60400390625,3119.7509765625,3139.9072265625,3129.58154296875,3090.51953125,3080.1240234375,3070.33642578125,3062.379638671875,3084.79345703125,3093.45751953125,3115.171875,3096.65478515625,3107.791748046875,3117.650390625,3127.62939453125,3123.93212890625,-53.76557540893555,-48.919193267822266,-51.73785400390625,-36.93559265136719,-30.955604553222656,-36.11386489868164,-55.21967697143555,-57.78540802001953,-46.71532440185547,-18.12401580810547,-14.197023391723633,-5.035816192626953,-23.567197799682617,-34.2791862487793,-45.2196044921875,-53.07256317138672,-32.91659164428711,-43.24201202392578,-82.30410766601562,-92.69975280761719,-102.48725128173828,-110.44397735595703,-88.03019714355469,-79.36632537841797,-57.65193176269531,-76.16897583007812,-65.03194427490234,-55.1732063293457,-45.194252014160156,-48.89156723022461,3240.94091796875,-68.1171875
163,2023-09-17,3123.2024,3111.87744140625,3110.358642578125,3118.21875,3118.60595703125,3129.3115234375,3128.58740234375,3119.93505859375,3113.677001953125,3108.224853515625,3120.380126953125,3153.1494140625,3146.105224609375,3160.830078125,3144.798583984375,3131.1435546875,3124.26171875,3118.198486328125,3134.3955078125,3122.7666015625,3081.8583984375,3072.822265625,3061.61669921875,3057.48974609375,3079.3583984375,3094.5908203125,3123.079833984375,3098.917236328125,3106.439697265625,3113.2421875,3126.13427734375,-59.787864685058594,-61.306602478027344,-53.446533203125,-53.05942153930664,-42.353702545166016,-43.077823638916016,-51.73041534423828,-57.98826599121094,-63.44044494628906,-51.28517150878906,-18.515993118286133,-25.56007194519043,-10.835310935974121,-26.866622924804688,-40.521759033203125,-47.40336990356445,-53.466758728027344,-37.26994705200195,-48.89865493774414,-89.8067855834961,-98.84295654296875,-110.04866027832031,-114.17546844482422,-92.30703735351562,-77.07441711425781,-48.58551025390625,-72.74807739257812,-65.22567749023438,-58.42304992675781,-45.53086471557617,3240.84912109375,-69.18370056152344
164,2023-09-18,3125.9319,3112.29736328125,3102.2685546875,3106.00048828125,3105.309326171875,3111.3935546875,3118.8955078125,3122.18701171875,3112.188720703125,3103.71435546875,3101.6455078125,3107.42041015625,3146.68505859375,3140.75732421875,3147.5302734375,3135.491455078125,3123.796630859375,3114.6787109375,3111.12255859375,3121.723876953125,3110.666748046875,3078.987060546875,3071.774658203125,3052.49169921875,3051.083984375,3068.156005859375,3077.56201171875,3110.724853515625,3090.59814453125,3100.939453125,3101.302734375,-58.31793975830078,-68.34658813476562,-64.61470031738281,-65.3058090209961,-59.22149658203125,-51.719573974609375,-48.42830276489258,-58.42652130126953,-66.90090942382812,-68.96981048583984,-63.19487380981445,-23.93021011352539,-29.85772705078125,-23.084884643554688,-35.12367248535156,-46.81850814819336,-55.93640899658203,-59.49279022216797,-48.891326904296875,-59.94838333129883,-91.62804412841797,-98.84049987792969,-118.12350463867188,-119.53123474121094,-102.45918273925781,-93.05303192138672,-59.89039993286133,-80.01689147949219,-69.67582702636719,-69.31243133544922,3240.75732421875,-70.14205932617188
165,2023-09-19,3124.9567,3117.548828125,3107.559814453125,3096.853515625,3098.7763671875,3099.10205078125,3105.877685546875,3115.65380859375,3114.5078125,3106.379150390625,3098.7109375,3092.500732421875,3104.7978515625,3138.02294921875,3135.2783203125,3142.001220703125,3121.79248046875,3110.267578125,3105.023193359375,3095.685546875,3118.40576171875,3105.8076171875,3066.650634765625,3063.25537109375,3049.23388671875,3049.166015625,3064.98486328125,3076.501953125,3104.736328125,3083.41552734375,3093.4716796875,-52.126041412353516,-62.11517333984375,-72.82142639160156,-70.8987045288086,-70.57290649414062,-63.79726028442383,-54.02127456665039,-55.16719055175781,-63.295833587646484,-70.96407318115234,-77.17425537109375,-64.87705993652344,-31.651840209960938,-34.396728515625,-27.673839569091797,-47.88262939453125,-59.407466888427734,-64.65167999267578,-73.98941802978516,-51.26941680908203,-63.86730194091797,-103.02427673339844,-106.41973114013672,-120.44105529785156,-120.50877380371094,-104.69011688232422,-93.17296600341797,-64.9384994506836,-86.25944519042969,-76.20314025878906,3240.66552734375,-70.99040985107422
166,2023-09-20,3108.5679,3128.0625,3114.91064453125,3105.407470703125,3100.4990234375,3093.4189453125,3100.69482421875,3104.997314453125,3114.416259765625,3117.0478515625,3099.294921875,3101.1513671875,3090.317626953125,3098.9638671875,3134.822265625,3134.886962890625,3142.711669921875,3126.94189453125,3111.654296875,3112.28515625,3105.037841796875,3118.8974609375,3106.60302734375,3068.2333984375,3065.28857421875,3052.905517578125,3051.420654296875,3066.20654296875,3076.5888671875,3108.725341796875,3090.240234375,-40.78336715698242,-53.9354133605957,-63.43856430053711,-68.34693145751953,-75.4271240234375,-68.15116119384766,-63.84868621826172,-54.42970275878906,-51.798194885253906,-69.55094146728516,-67.69450378417969,-78.52835083007812,-69.88203430175781,-34.02375793457031,-33.95907974243164,-26.134347915649414,-41.904052734375,-57.191864013671875,-56.56095504760742,-63.80818557739258,-49.94837188720703,-62.242919921875,-100.61261749267578,-103.55738830566406,-115.94044494628906,-117.42534637451172,-102.63936614990234,-92.25714111328125,-60.12067413330078,-78.60572052001953,3240.57373046875,-71.72760009765625
167,2023-09-21,3084.701,3113.0,3132.83447265625,3116.32666015625,3100.794677734375,3100.34716796875,3097.0986328125,3100.40966796875,3108.18701171875,3113.025390625,3120.4970703125,3103.63525390625,3096.1240234375,3095.64501953125,3103.406982421875,3136.99267578125,3142.14208984375,3146.19677734375,3124.23779296875,3114.742919921875,3109.57177734375,3100.78564453125,3118.5947265625,3106.291259765625,3069.4697265625,3064.816650390625,3052.369873046875,3051.12451171875,3066.6123046875,3075.35009765625,3111.283203125,-55.128570556640625,-35.29435348510742,-51.802215576171875,-67.33395385742188,-67.7817153930664,-71.03019714355469,-67.71888732910156,-59.94186019897461,-55.1035041809082,-47.631690979003906,-64.49356079101562,-72.00471496582031,-72.48385620117188,-64.7218017578125,-31.136106491088867,-25.986682891845703,-21.931800842285156,-43.8909912109375,-53.3858528137207,-58.55692672729492,-67.3430404663086,-49.534080505371094,-61.837467193603516,-98.6592025756836,-103.31209564208984,-115.75890350341797,-117.00420379638672,-101.5165023803711,-92.7787094116211,-56.84551239013672,3240.48193359375,-72.35313415527344
168,2023-09-22,3132.4316,3092.2626953125,3116.106689453125,3133.0322265625,3123.07861328125,3108.9794921875,3097.23974609375,3100.677001953125,3105.922119140625,3112.224365234375,3123.88037109375,3121.435546875,3110.9453125,3102.63330078125,3101.779541015625,3105.79638671875,3134.977783203125,3135.446533203125,3149.267578125,3128.6337890625,3116.95166015625,3105.23681640625,3109.26025390625,3122.15771484375,3105.463623046875,3074.0361328125,3066.1875,3056.09619140625,3052.30126953125,3068.663330078125,3079.03662109375,-75.26022338867188,-51.41618728637695,-34.49067306518555,-44.44432067871094,-58.54323959350586,-70.28321838378906,-66.84587097167969,-61.60074996948242,-55.29857635498047,-43.64261245727539,-46.08720779418945,-56.57762145996094,-64.88969421386719,-65.74333190917969,-61.72654342651367,-32.54499435424805,-32.07636260986328,-18.255142211914062,-38.88916015625,-50.57121658325195,-62.28615951538086,-58.262657165527344,-45.36528396606445,-62.0592041015625,-93.48687744140625,-101.3354721069336,-111.4265365600586,-115.22167205810547,-98.85956573486328,-88.48643493652344,3240.39013671875,-72.86723327636719
169,2023-09-23,3126.8234333333335,3130.308349609375,3098.333740234375,3122.83984375,3140.39013671875,3130.207763671875,3115.147705078125,3106.535888671875,3097.8525390625,3103.14599609375,3109.76220703125,3121.4091796875,3127.119873046875,3109.95361328125,3105.01025390625,3102.568603515625,3108.079833984375,3138.698974609375,3128.716796875,3141.69091796875,3123.7939453125,3117.13916015625,3109.78125,3107.0947265625,3126.600830078125,3102.3408203125,3073.976318359375,3065.94970703125,3059.237060546875,3064.9609375,3071.90478515625,-36.71921157836914,-68.69384765625,-44.18769836425781,-26.637575149536133,-36.81985092163086,-51.87986373901367,-60.491661071777344,-69.17486572265625,-63.881690979003906,-57.265411376953125,-45.618499755859375,-39.90775680541992,-57.074127197265625,-62.01728439331055,-64.458984375,-58.94776916503906,-28.328601837158203,-38.310909271240234,-25.33663558959961,-43.23377227783203,-49.88824462890625,-57.24612808227539,-59.93278121948242,-40.426719665527344,-64.68669891357422,-93.0511703491211,-101.07778930664062,-107.7905502319336,-102.06645202636719,-95.12266540527344,3240.29833984375,-73.27067565917969
170,2023-09-24,3121.2152666666666,3130.044677734375,3127.644287109375,3097.99365234375,3122.618408203125,3136.614990234375,3131.0400390625,3111.07666015625,3107.91650390625,3103.66748046875,3105.151123046875,3117.11474609375,3121.961181640625,3124.8359375,3111.781982421875,3107.256591796875,3104.31689453125,3115.4482421875,3146.7578125,3140.37890625,3139.693603515625,3134.60498046875,3112.1064453125,3112.88525390625,3104.911865234375,3124.572265625,3110.368896484375,3078.6240234375,3072.115234375,3054.29541015625,3057.22119140625,-36.59684371948242,-38.997249603271484,-68.64796447753906,-44.02314758300781,-30.026611328125,-35.60151672363281,-55.56503677368164,-58.7251091003418,-62.97416305541992,-61.490543365478516,-49.52688217163086,-44.680320739746094,-41.80567169189453,-54.8596305847168,-59.38496017456055,-62.32456588745117,-51.193397521972656,-19.883758544921875,-26.262723922729492,-26.947912216186523,-32.03656005859375,-54.53496551513672,-53.75620651245117,-61.729610443115234,-42.06927490234375,-56.27260971069336,-88.01766967773438,-94.52618408203125,-112.34627532958984,-109.42029571533203,3240.20654296875,-73.56492614746094
171,2023-09-25,3115.6071,3130.96435546875,3140.40576171875,3140.26123046875,3105.96240234375,3134.59326171875,3144.200927734375,3133.70703125,3121.71923828125,3116.69970703125,3111.189453125,3109.331298828125,3115.6474609375,3131.04150390625,3123.085205078125,3113.815673828125,3116.34619140625,3112.47802734375,3118.52001953125,3144.302734375,3139.39453125,3144.75634765625,3136.4111328125,3120.338134765625,3119.5517578125,3117.2978515625,3130.53076171875,3114.8330078125,3079.30322265625,3073.7763671875,3065.189453125,-35.39828109741211,-25.95686912536621,-26.101388931274414,-60.40013122558594,-31.769363403320312,-22.16167449951172,-32.65574264526367,-44.64333724975586,-49.66279983520508,-55.173282623291016,-57.03129196166992,-50.71535873413086,-35.321041107177734,-43.27749252319336,-52.54693603515625,-50.01640701293945,-53.88467025756836,-47.84249496459961,-22.059911727905273,-26.96820831298828,-21.60634422302246,-29.95153045654297,-46.024539947509766,-46.810951232910156,-49.06488800048828,-35.831905364990234,-51.529823303222656,-87.0592269897461,-92.58645629882812,-101.1731948852539,3240.11474609375,-73.75196838378906
172,2023-09-26,3102.2726,3120.155517578125,3135.2841796875,3145.29345703125,3143.021240234375,3108.6376953125,3137.6201171875,3150.56298828125,3136.189208984375,3119.013916015625,3122.74072265625,3110.60986328125,3119.53515625,3122.89208984375,3133.21533203125,3134.6953125,3118.941162109375,3107.48095703125,3113.21826171875,3117.975341796875,3162.578125,3150.542724609375,3152.63916015625,3141.5419921875,3127.16015625,3124.317626953125,3118.06103515625,3139.0537109375,3122.83837890625,3089.53173828125,3077.97509765625,-46.03297424316406,-30.904359817504883,-20.89488983154297,-23.167255401611328,-57.550724029541016,-28.568401336669922,-15.62545108795166,-29.99931526184082,-47.174560546875,-43.44770812988281,-55.57859802246094,-46.6532096862793,-43.29664993286133,-32.97316360473633,-31.493425369262695,-47.24738311767578,-58.70751190185547,-52.97037887573242,-48.21318817138672,-3.6104812622070312,-15.645846366882324,-13.549345970153809,-24.646484375,-39.02827453613281,-41.87081527709961,-48.127532958984375,-27.134645462036133,-43.35015869140625,-76.65692901611328,-88.21355438232422,3240.02294921875,-73.8343505859375
173,2023-09-27,3107.3156,3108.85986328125,3121.03271484375,3132.7626953125,3148.5546875,3146.275390625,3107.1708984375,3142.81982421875,3155.52978515625,3149.978271484375,3125.675048828125,3128.61572265625,3122.691650390625,3124.0341796875,3138.04345703125,3142.8896484375,3135.69580078125,3134.35302734375,3127.33056640625,3131.549560546875,3131.29736328125,3158.0205078125,3154.32763671875,3155.155029296875,3149.34814453125,3141.85107421875,3130.35595703125,3124.62158203125,3145.031982421875,3128.103515625,3099.0087890625,-57.25634765625,-45.08321762084961,-33.35349655151367,-17.561372756958008,-19.84076690673828,-58.94521713256836,-23.296100616455078,-10.586201667785645,-16.137861251831055,-40.441009521484375,-37.50014114379883,-43.42442321777344,-42.08169174194336,-28.072582244873047,-23.226221084594727,-30.420269012451172,-31.763208389282227,-38.78533935546875,-34.566410064697266,-34.81867218017578,-8.095552444458008,-11.788578033447266,-10.96101188659668,-16.767898559570312,-24.265066146850586,-35.760093688964844,-41.49444580078125,-21.084056854248047,-38.01271057128906,-67.10734558105469,3239.93115234375,-73.81507110595703
174,2023-09-28,3110.4753,3108.09033203125,3111.7294921875,3127.69287109375,3136.4638671875,3148.2744140625,3150.5888671875,3110.9853515625,3137.9482421875,3160.8896484375,3144.41162109375,3136.3505859375,3126.77880859375,3124.2763671875,3126.818359375,3130.19775390625,3146.08203125,3142.77734375,3117.7158203125,3121.715576171875,3120.96728515625,3128.537109375,3155.7548828125,3153.6884765625,3160.385009765625,3139.722412109375,3138.330078125,3133.76904296875,3130.16162109375,3146.24755859375,3128.796875,-58.05158996582031,-54.412288665771484,-38.44892883300781,-29.677892684936523,-17.86724090576172,-15.552905082702637,-55.156471252441406,-28.193462371826172,-5.252338409423828,-21.730018615722656,-29.791133880615234,-39.36289978027344,-41.86524200439453,-39.32345199584961,-35.94419860839844,-20.05971908569336,-23.364295959472656,-48.426124572753906,-44.426204681396484,-45.17435073852539,-37.60451889038086,-10.38683795928955,-12.453314781188965,-5.756789207458496,-26.419294357299805,-27.8117733001709,-32.37263107299805,-35.98017883300781,-19.894390106201172,-37.3447151184082,3239.83935546875,-73.6976089477539
175,2023-09-29,,3108.62646484375,3102.2666015625,3109.2353515625,3121.43310546875,3134.04833984375,3151.579345703125,3146.92578125,3117.058837890625,3133.33740234375,3154.7607421875,3140.022216796875,3128.593505859375,3119.556640625,3113.297607421875,3123.648681640625,3128.35986328125,3135.666015625,3146.18994140625,3126.576904296875,3118.54833984375,3124.1181640625,3136.410888671875,3155.8828125,3145.5947265625,3152.581298828125,3143.381591796875,3132.778564453125,3125.0244140625,3121.325927734375,3139.22119140625,-57.63533401489258,-63.995338439941406,-57.02649688720703,-44.828704833984375,-32.213443756103516,-14.682511329650879,-19.336071014404297,-49.20292282104492,-32.92445373535156,-11.501038551330566,-26.239580154418945,-37.66831970214844,-46.705116271972656,-52.96422576904297,-42.6131591796875,-37.90180587768555,-30.59592056274414,-20.071762084960938,-39.68492126464844,-47.71349334716797,-42.14374923706055,-29.850893020629883,-10.378955841064453,-20.667177200317383,-13.680523872375488,-22.88021469116211,-33.483184814453125,-41.237205505371094,-44.93589782714844,-27.040647506713867,3239.74755859375,-73.4858169555664
176,2023-09-30,,,3103.23046875,3099.55859375,3106.029296875,3121.60400390625,3124.55224609375,3142.337890625,3137.66650390625,3111.45263671875,3134.6826171875,3144.18505859375,3134.28955078125,3123.9150390625,3116.93017578125,3113.169921875,3121.87255859375,3120.382568359375,3137.306640625,3129.84521484375,3120.40625,3108.73095703125,3116.02978515625,3128.09228515625,3152.69580078125,3146.1279296875,3142.8935546875,3135.954345703125,3125.412841796875,3123.43505859375,3117.7177734375,,-63.241432189941406,-66.9134521484375,-60.442710876464844,-44.8679084777832,-41.919677734375,-24.13397789001465,-28.805362701416016,-55.019325256347656,-31.789329528808594,-22.286685943603516,-32.18225860595703,-42.55683898925781,-49.54168701171875,-53.30196762084961,-44.59951400756836,-46.089351654052734,-29.165206909179688,-36.626548767089844,-46.065616607666016,-57.740875244140625,-50.44211196899414,-38.379722595214844,-13.77623176574707,-20.34405517578125,-23.5781192779541,-30.517440795898438,-41.05900192260742,-43.036678314208984,-48.753963470458984,3239.65576171875,-73.18389129638672
177,2023-10-01,,,,3098.9501953125,3096.53173828125,3100.54052734375,3118.73779296875,3122.930419921875,3134.64453125,3132.99267578125,3112.83154296875,3134.785888671875,3153.8193359375,3140.81298828125,3125.6884765625,3114.693115234375,3110.065673828125,3124.612060546875,3119.20849609375,3132.87890625,3128.1064453125,3121.08935546875,3105.245849609375,3111.69140625,3119.9482421875,3145.56396484375,3141.283203125,3137.9150390625,3132.404052734375,3122.41455078125,3120.268310546875,,,-67.81722259521484,-70.23599243164062,-66.22712707519531,-48.02995300292969,-43.83723449707031,-32.123191833496094,-33.774986267089844,-53.93590545654297,-31.98166847229004,-12.948175430297852,-25.954668045043945,-41.07912063598633,-52.074462890625,-56.7018928527832,-42.15557098388672,-47.55901336669922,-33.888763427734375,-38.66115188598633,-45.678131103515625,-61.52165603637695,-55.07622146606445,-46.81946563720703,-21.203405380249023,-25.48442268371582,-28.852554321289062,-34.3635139465332,-44.35310363769531,-46.49928665161133,3239.56396484375,-72.79631805419922
178,2023-10-02,,,,,3098.971923828125,3098.0634765625,3098.862548828125,3118.35107421875,3134.91650390625,3141.68505859375,3128.938720703125,3106.8046875,3127.93603515625,3144.0869140625,3135.346923828125,3118.314697265625,3111.6669921875,3109.00244140625,3112.12158203125,3120.93408203125,3137.71728515625,3136.74462890625,3118.49560546875,3109.4130859375,3108.1689453125,3118.34912109375,3144.560546875,3143.18994140625,3138.8408203125,3129.1044921875,3121.4013671875,,,,-68.17247009277344,-69.0810546875,-68.28181457519531,-48.79330825805664,-32.22785568237305,-25.459121704101562,-38.205692291259766,-60.3397216796875,-39.208335876464844,-23.057355880737305,-31.797449111938477,-48.82963562011719,-55.47740936279297,-58.14193344116211,-55.02286911010742,-46.21013641357422,-29.427261352539062,-30.39963722229004,-48.64860916137695,-57.731483459472656,-58.97541809082031,-48.79509735107422,-22.583908081054688,-23.95454978942871,-28.303752899169922,-38.03968048095703,-45.74309539794922,3239.47216796875,-72.3277587890625
179,2023-10-03,,,,,,3092.791015625,3101.7490234375,3102.2568359375,3114.944580078125,3131.154541015625,3141.8681640625,3138.0537109375,3107.0126953125,3128.3779296875,3137.53662109375,3135.05615234375,3118.568359375,3106.041015625,3110.58251953125,3115.373046875,3117.68603515625,3120.770751953125,3128.878173828125,3113.856689453125,3114.4638671875,3114.85546875,3120.47265625,3140.876953125,3139.01806640625,3139.90380859375,3124.93115234375,,,,,-74.80615997314453,-65.84829711914062,-65.34033203125,-52.65264129638672,-36.4427604675293,-25.7291316986084,-29.54359245300293,-60.58462905883789,-39.21921920776367,-30.060672760009766,-32.5411376953125,-49.02878952026367,-61.55612564086914,-57.014705657958984,-52.224300384521484,-49.91112518310547,-46.826515197753906,-38.71906661987305,-53.740657806396484,-53.13335418701172,-52.741886138916016,-47.12466812133789,-26.72028350830078,-28.579092025756836,-27.693347930908203,-42.666221618652344,3239.38037109375,-71.78308868408203
180,2023-10-04,,,,,,,3093.84619140625,3096.064697265625,3098.711669921875,3112.87744140625,3131.23828125,3138.093994140625,3137.98046875,3107.23095703125,3132.59716796875,3139.8125,3134.139404296875,3121.240966796875,3114.29443359375,3106.2265625,3110.02783203125,3118.07958984375,3131.9462890625,3130.29541015625,3114.731689453125,3105.7958984375,3107.66845703125,3116.8037109375,3142.02392578125,3131.73486328125,3137.087890625,,,,,,-74.27522277832031,-72.05668640136719,-69.40966796875,-55.24374771118164,-36.88323974609375,-30.027313232421875,-30.14083480834961,-60.89044189453125,-35.52418518066406,-28.308794021606445,-33.98191452026367,-46.88035202026367,-53.82707977294922,-61.8947639465332,-58.093685150146484,-50.041595458984375,-36.17498779296875,-37.825992584228516,-53.38965606689453,-62.32546615600586,-60.452880859375,-51.317657470703125,-26.09735107421875,-36.38642883300781,-31.033512115478516,3239.28857421875,-71.16728973388672
181,2023-10-05,,,,,,,,3101.40087890625,3093.73828125,3094.16552734375,3111.05712890625,3120.716552734375,3130.45556640625,3132.04345703125,3107.31396484375,3129.105224609375,3137.271484375,3126.9755859375,3103.45166015625,3108.5380859375,3107.31787109375,3113.84765625,3111.000732421875,3125.9453125,3123.3115234375,3108.9462890625,3106.435546875,3107.57568359375,3113.63232421875,3143.0673828125,3134.080078125,,,,,,,-67.31039428710938,-74.9730224609375,-74.54576110839844,-57.654293060302734,-47.99481964111328,-38.255943298339844,-36.66802215576172,-61.3975830078125,-39.606201171875,-31.43993377685547,-41.736000061035156,-65.25983428955078,-60.173484802246094,-61.39341354370117,-54.863765716552734,-57.71063995361328,-42.76594924926758,-45.400001525878906,-59.764949798583984,-62.27605438232422,-61.135684967041016,-55.079036712646484,-25.64397430419922,-34.63114547729492,3239.19677734375,-70.48535919189453
182,2023-10-06,,,,,,,,,3094.185791015625,3092.32373046875,3093.521484375,3113.7783203125,3123.67578125,3131.35302734375,3124.22998046875,3101.5263671875,3121.79736328125,3138.97509765625,3128.37255859375,3105.155517578125,3098.85546875,3097.94921875,3101.716796875,3102.369873046875,3120.11083984375,3116.900146484375,3104.0673828125,3100.610595703125,3099.5185546875,3106.3642578125,3134.218994140625,,,,,,,,-75.17671966552734,-77.03885650634766,-75.84120178222656,-55.58428192138672,-45.68669891357422,-38.009525299072266,-45.13271713256836,-67.83602905273438,-47.56510543823242,-30.387460708618164,-40.989864349365234,-64.20696258544922,-70.50724792480469,-71.41346740722656,-67.64566802978516,-66.99272155761719,-49.251564025878906,-52.46242904663086,-65.29509735107422,-68.7519760131836,-69.84405517578125,-62.998374938964844,-35.14363098144531,3239.10498046875,-69.74235534667969
183,2023-10-07,,,,,,,,,,3089.462646484375,3089.395263671875,3090.3720703125,3103.82373046875,3118.82763671875,3127.4208984375,3123.52197265625,3106.64111328125,3123.822265625,3138.16259765625,3124.24462890625,3107.44580078125,3095.9208984375,3101.5458984375,3109.945556640625,3108.23779296875,3118.886962890625,3115.95263671875,3098.00537109375,3096.1826171875,3102.462890625,3106.17822265625,,,,,,,,,-80.60726928710938,-80.67462921142578,-79.69789123535156,-66.2459716796875,-51.24237823486328,-42.648868560791016,-46.54798889160156,-63.42863845825195,-46.247703552246094,-31.90717887878418,-45.82542037963867,-62.624202728271484,-74.14885711669922,-68.52401733398438,-60.12435531616211,-61.8320426940918,-51.18301773071289,-54.117130279541016,-72.0645980834961,-73.88738250732422,-67.60690307617188,-63.891815185546875,3239.01318359375,-68.94320678710938
184,2023-10-08,,,,,,,,,,,3089.21630859375,3084.5244140625,3093.00732421875,3107.77001953125,3122.025390625,3127.55908203125,3125.18310546875,3092.109375,3121.7333984375,3129.333251953125,3118.84619140625,3107.964111328125,3098.87109375,3096.58642578125,3099.1162109375,3110.26953125,3115.4501953125,3119.7119140625,3108.94287109375,3093.8212890625,3099.8603515625,,,,,,,,,,-81.61248016357422,-86.30411529541016,-77.82129669189453,-63.05848693847656,-48.80324172973633,-43.269474029541016,-45.64533996582031,-78.71915435791016,-49.09516906738281,-41.49541473388672,-51.98247146606445,-62.86444854736328,-71.95748901367188,-74.24198913574219,-71.7125473022461,-60.5592155456543,-55.37837219238281,-51.116661071777344,-61.88557815551758,-77.00729370117188,-70.96822357177734,3238.92138671875,-68.09276580810547
185,2023-10-09,,,,,,,,,,,,3096.17138671875,3093.0966796875,3092.896728515625,3114.37109375,3124.02294921875,3120.236328125,3134.450927734375,3096.12158203125,3128.70361328125,3136.8779296875,3122.87548828125,3103.952392578125,3097.63525390625,3098.03564453125,3100.96142578125,3113.6669921875,3120.5029296875,3109.685546875,3104.0830078125,3093.01708984375,,,,,,,,,,,-75.46250915527344,-78.53738403320312,-78.73712158203125,-57.26282501220703,-47.61076354980469,-51.3975944519043,-37.182987213134766,-75.51210021972656,-42.9304313659668,-34.755977630615234,-48.7585334777832,-67.68144989013672,-73.99849700927734,-73.59835052490234,-70.67245483398438,-57.96707534790039,-51.13088607788086,-61.948081970214844,-67.5508041381836,-78.61664581298828,3238.82958984375,-67.19577026367188
186,2023-10-10,,,,,,,,,,,,,3091.4482421875,3089.83935546875,3091.25244140625,3113.330810546875,3129.44482421875,3129.00341796875,3125.48876953125,3100.86669921875,3123.82666015625,3132.643798828125,3126.58056640625,3109.4267578125,3103.10302734375,3102.306396484375,3100.1435546875,3107.40478515625,3123.51904296875,3118.1533203125,3107.80029296875,,,,,,,,,,,,-81.0330581665039,-82.64190673828125,-81.22879791259766,-59.15035629272461,-43.03628158569336,-43.47784423828125,-46.992435455322266,-71.61467742919922,-48.6546745300293,-39.83751678466797,-45.900543212890625,-63.05448913574219,-69.37812805175781,-70.17486572265625,-72.33749389648438,-65.0766372680664,-48.962318420410156,-54.3278923034668,-64.6809310913086,3238.73779296875,-66.25666046142578
187,2023-10-11,,,,,,,,,,,,,,3095.63720703125,3087.747802734375,3090.36669921875,3115.985595703125,3123.5400390625,3139.48388671875,3127.2294921875,3104.5712890625,3130.21630859375,3135.2216796875,3124.8681640625,3109.3466796875,3098.5302734375,3102.94921875,3106.40576171875,3112.059814453125,3124.5693359375,3117.98291015625,,,,,,,,,,,,,-77.72908020019531,-85.61849975585938,-82.99966430664062,-57.38064193725586,-49.826377868652344,-33.88265609741211,-46.136688232421875,-68.79488372802734,-43.150146484375,-38.144676208496094,-48.4980583190918,-64.01948547363281,-74.83614349365234,-70.41695404052734,-66.96062469482422,-61.30649185180664,-48.79684829711914,-55.38325500488281,3238.64599609375,-65.27971649169922
188,2023-10-12,,,,,,,,,,,,,,,3101.45703125,3096.18603515625,3097.202880859375,3110.662109375,3118.130615234375,3133.236328125,3128.591552734375,3101.41796875,3125.87890625,3132.94287109375,3126.1953125,3114.4609375,3102.97998046875,3096.152099609375,3104.5830078125,3102.56396484375,3125.108642578125,,,,,,,,,,,,,,-72.8283920288086,-78.09950256347656,-77.08245849609375,-63.62339782714844,-56.15465545654297,-41.04892349243164,-45.69373321533203,-72.8673324584961,-48.4063835144043,-41.34241485595703,-48.08995819091797,-59.82454299926758,-71.30535125732422,-78.13320922851562,-69.70246887207031,-71.72125244140625,-49.176700592041016,3238.55419921875,-64.2689208984375
189,2023-10-13,,,,,,,,,,,,,,,,3095.5107421875,3091.804443359375,3099.6806640625,3107.48486328125,3120.15185546875,3130.2578125,3128.27197265625,3102.6376953125,3127.927490234375,3131.8046875,3113.1962890625,3102.69189453125,3107.5244140625,3098.344482421875,3108.566162109375,3101.06396484375,,,,,,,,,,,,,,,-79.72357940673828,-83.42999267578125,-75.55389404296875,-67.74946594238281,-55.08252716064453,-44.976585388183594,-46.962642669677734,-72.59685516357422,-47.30702209472656,-43.42960739135742,-62.038333892822266,-72.54269409179688,-67.71023559570312,-76.88996887207031,-66.66836547851562,-74.17054748535156,3238.46240234375,-63.22793197631836
190,2023-10-14,,,,,,,,,,,,,,,,,3087.67138671875,3090.98974609375,3099.88037109375,3111.619140625,3121.17919921875,3127.15087890625,3122.840576171875,3100.07568359375,3125.70751953125,3132.39306640625,3121.8115234375,3104.434326171875,3097.564697265625,3101.102783203125,3106.78173828125,,,,,,,,,,,,,,,,-88.53897857666016,-85.22067260742188,-76.33029174804688,-64.59142303466797,-55.03151321411133,-49.059654235839844,-53.369930267333984,-76.13494873046875,-50.503013610839844,-43.81760787963867,-54.39921188354492,-71.77616882324219,-78.64581298828125,-75.10769653320312,-69.42896270751953,3238.37060546875,-62.160091400146484
191,2023-10-15,,,,,,,,,,,,,,,,,,3093.1171875,3097.85400390625,3099.72265625,3110.200927734375,3120.40234375,3137.5048828125,3127.824462890625,3104.552490234375,3134.46435546875,3131.787841796875,3114.43212890625,3107.025390625,3097.1923828125,3098.109130859375,,,,,,,,,,,,,,,,,-84.09327697753906,-79.3564224243164,-77.48808288574219,-67.00963592529297,-56.80829620361328,-39.70576477050781,-49.3859977722168,-72.65794372558594,-42.74614334106445,-45.42268753051758,-62.778465270996094,-70.18506622314453,-80.01834869384766,-79.10136413574219,3238.27880859375,-61.06836700439453
192,2023-10-16,,,,,,,,,,,,,,,,,,,3099.320556640625,3092.9365234375,3100.086181640625,3117.013671875,3119.70556640625,3131.466796875,3124.46630859375,3099.142578125,3129.06640625,3133.32421875,3122.8583984375,3107.207763671875,3097.79443359375,,,,,,,,,,,,,,,,,,-78.9112777709961,-85.2951889038086,-78.14571380615234,-61.21798324584961,-58.52627182006836,-46.76478576660156,-53.76536178588867,-79.08919525146484,-49.1654167175293,-44.90737533569336,-55.373355865478516,-71.02398681640625,-80.43736267089844,3238.18701171875,-59.95537567138672
193,2023-10-17,,,,,,,,,,,,,,,,,,,,3104.7451171875,3100.80908203125,3099.95166015625,3111.47998046875,3125.19384765625,3131.685546875,3131.646728515625,3103.224853515625,3134.99267578125,3135.2412109375,3119.5244140625,3113.0908203125,,,,,,,,,,,,,,,,,,,-74.52686309814453,-78.46269226074219,-79.3204345703125,-67.79205322265625,-54.07827377319336,-47.58629608154297,-47.62522888183594,-76.04715728759766,-44.279136657714844,-44.03086471557617,-59.74747085571289,-66.18098449707031,3238.09521484375,-58.82332229614258
194,2023-10-18,,,,,,,,,,,,,,,,,,,,,3103.91357421875,3094.853271484375,3099.8076171875,3113.01416015625,3129.357177734375,3129.93896484375,3134.189453125,3109.70458984375,3131.7265625,3142.91064453125,3121.26123046875,,,,,,,,,,,,,,,,,,,,-76.41590118408203,-85.47603607177734,-80.52157592773438,-67.31523895263672,-50.9721794128418,-50.39033126831055,-46.139801025390625,-70.62469482421875,-48.602725982666016,-37.41880416870117,-59.06830978393555,3238.00341796875,-57.67405700683594
195,2023-10-19,,,,,,,,,,,,,,,,,,,,,,3107.56201171875,3104.43603515625,3103.529296875,3116.20556640625,3129.02197265625,3135.435546875,3122.51513671875,3107.573486328125,3128.125244140625,3140.232177734375,,,,,,,,,,,,,,,,,,,,,-73.84065246582031,-76.96652221679688,-77.8734130859375,-65.19705200195312,-52.380489349365234,-45.96707534790039,-58.887630462646484,-73.8291244506836,-53.27740478515625,-41.170372009277344,3237.91162109375,-56.5090217590332
196,2023-10-20,,,,,,,,,,,,,,,,,,,,,,,3107.6435546875,3102.536865234375,3103.97265625,3117.99462890625,3121.678955078125,3143.248046875,3134.8115234375,3113.65673828125,3138.21923828125,,,,,,,,,,,,,,,,,,,,,,-74.84703826904297,-79.95370483398438,-78.51780700683594,-64.49586486816406,-60.811607360839844,-39.24272155761719,-47.67893981933594,-68.83373260498047,-44.27117156982422,3237.81982421875,-55.32930374145508
197,2023-10-21,,,,,,,,,,,,,,,,,,,,,,,,3112.909423828125,3104.939453125,3104.107666015625,3123.23583984375,3128.41455078125,3135.55615234375,3132.44482421875,3102.38427734375,,,,,,,,,,,,,,,,,,,,,,,-70.68309783935547,-78.6530990600586,-79.48482513427734,-60.356842041015625,-55.1781120300293,-48.03654098510742,-51.14765167236328,-81.20828247070312,3237.72802734375,-54.13560104370117
198,2023-10-22,,,,,,,,,,,,,,,,,,,,,,,,,3111.8701171875,3112.08740234375,3109.1787109375,3121.07421875,3135.2705078125,3142.174560546875,3141.30224609375,,,,,,,,,,,,,,,,,,,,,,,,-72.8377456665039,-72.62066650390625,-75.52918243408203,-63.63390350341797,-49.43763732910156,-42.53351593017578,-43.4056396484375,3237.63623046875,-52.92827606201172
199,2023-10-23,,,,,,,,,,,,,,,,,,,,,,,,,,3119.56396484375,3117.060546875,3113.16455078125,3125.82861328125,3137.7734375,3147.3642578125,,,,,,,,,,,,,,,,,,,,,,,,,-66.27330780029297,-68.77650451660156,-72.67251586914062,-60.00849914550781,-48.063594818115234,-38.472900390625,3237.54443359375,-51.70737075805664
200,2023-10-24,,,,,,,,,,,,,,,,,,,,,,,,,,,3112.9638671875,3114.75439453125,3113.81591796875,3120.8916015625,3133.93408203125,,,,,,,,,,,,,,,,,,,,,,,,,,-74.0162353515625,-72.2257308959961,-73.16410827636719,-66.08851623535156,-53.04578399658203,3237.45263671875,-50.47260665893555
201,2023-10-25,,,,,,,,,,,,,,,,,,,,,,,,,,,,3120.101318359375,3112.23876953125,3125.87890625,3128.36181640625,,,,,,,,,,,,,,,,,,,,,,,,,,,-68.03617858886719,-75.89874267578125,-62.25849151611328,-59.77568817138672,3237.36083984375,-49.223445892333984
202,2023-10-26,,,,,,,,,,,,,,,,,,,,,,,,,,,,,3124.896484375,3119.951171875,3123.138671875,,,,,,,,,,,,,,,,,,,,,,,,,,,,-64.41352081298828,-69.35907745361328,-66.17161560058594,3237.26904296875,-47.95912551879883
203,2023-10-27,,,,,,,,,,,,,,,,,,,,,,,,,,,,,,3121.09130859375,3130.47021484375,,,,,,,,,,,,,,,,,,,,,,,,,,,,,-69.40743255615234,-60.02865219116211,3237.17724609375,-46.67866897583008
204,2023-10-28,,,,,,,,,,,,,,,,,,,,,,,,,,,,,,,3130.48583984375,,,,,,,,,,,,,,,,,,,,,,,,,,,,,,-61.218605041503906,3237.08544921875,-45.38096237182617
